{
    "$schema": "https://schema.management.azure.com/schemas/2015-01-01/deploymentTemplate.json#",
    "contentVersion": "1.0.0.0",
    "parameters": {
        "containerGroups_ssvrtest_name": {
            "defaultValue": "ssvrtest",
            "type": "String"
        }
    },
    "variables": {},
    "resources": [
        {
            "type": "Microsoft.ContainerInstance/containerGroups",
            "apiVersion": "2018-10-01",
            "name": "[parameters('containerGroups_ssvrtest_name')]",
            "location": "eastus",
            "tags": {
                "Image": "alpine:Nginx:latest"
            },
            "properties": {
                "containers": [
                    {
                        "name": "[parameters('containerGroups_ssvrtest_name')]",
                        "properties": {
                            "image": "nginx:latest",
                            "ports": [
                                {
                                    "protocol": "TCP",
                                    "port": 80
                                }
                            ],
                            "environmentVariables": [],
                            "resources": {
                                "requests": {
                                    "memoryInGB": 1.5,
                                    "cpu": 1
                                }
                            }
                        }
                    }
                ],
                "restartPolicy": "OnFailure",
                "ipAddress": {
                    "ports": [
                        {
                            "protocol": "TCP",
                            "port": 80
                        }
                    ],
                    "ip": "52.249.207.198",
                    "type": "Public"
                },
                "osType": "Linux"
            }
        }
    ]
}